Jeff,Stacy,,,
Jeff,Rob,,,
Jeff,Emma,,,
Jeff,Stacy,,,
Jeff,Rob,,,
Jeff,Emma,,,
Jeff,Stacy,Rob,Emma,
Jeff,Mike,Stacy,Rob,Emma
Jeff,Mike,Stacy,,
Mike,Stacy,Rob,,
Mike,Stacy,Rob,Emma,
Mike,Stacy,,,
Jeff,Lisa,,,
Jeff,Lisa,Emma,Mason,Mike
Jeff,Lisa,Mason,Mike,
Jeff,Lisa,Emma,Stacy,
Jeff,Lisa,David,Stacy,
Lisa,Mason,Sofia,David,
Lisa,Mason,Sofia,David,
Lisa,Sofia,,,
Lisa,David,,,
Lisa,Mason,,,
Lisa,Sofia,,,
Lisa,David,,,
Lisa,Mason,David,,
Mason,Sofia,,,
Mason,David,,,
Sofia,David,,,
Jeff,Mike,,,
